{
  "n_validation_cases": 13,
  "dice_mean": 0.12395850569009781,
  "hd95_mean": 91.61885833740234,
  "dice_classwise": {
    "ET": 0.0031936715822666883,
    "TC": 0.3188416659832001,
    "WT": 0.04984012991189957
  },
  "hd95_classwise": {
    "ET": 111.15694427490234,
    "TC": 74.88713073730469,
    "WT": 88.81251525878906
  },
  "ece": 0.35704377455875397,
  "seed": 42,
  "split_seed": null,
  "val_ratio": 0.2
}