{
  "n_validation_cases": 4,
  "dice_mean": 0.08908839523792267,
  "hd95_mean": 100.78518676757812,
  "ece": 0.0687776363225083
}