{
  "n_validation_cases": 13,
  "dice_mean": 0.12395850569009781,
  "hd95_mean": 91.61885833740234,
  "ece": 0.35704377455875397
}