{
  "n_validation_cases": 7,
  "dice_mean": 0.05245136097073555,
  "hd95_mean": 94.15850067138672,
  "ece": 0.5455334724832164
}