{
  "n_validation_cases": 4,
  "dice_mean": 0.08908839523792267,
  "hd95_mean": 100.78518676757812,
  "dice_classwise": {
    "ET": 0.028662381693720818,
    "TC": 0.015497885644435883,
    "WT": 0.08174179494380951
  },
  "hd95_classwise": {
    "ET": 125.1159439086914,
    "TC": 120.12493133544922,
    "WT": 105.85006713867188
  },
  "ece": 0.05655883569136849,
  "seed": 42,
  "split_seed": null,
  "val_ratio": 0.2
}