{
  "n_validation_cases": 13,
  "dice_mean": 0.12368343770503998,
  "hd95_mean": 88.54512786865234,
  "dice_classwise": {
    "ET": 0.04984012991189957,
    "TC": 0.037357576191425323,
    "WT": 0.28385263681411743
  },
  "hd95_classwise": {
    "ET": 88.81251525878906,
    "TC": 93.04127502441406,
    "WT": 83.78160095214844
  },
  "label_dice_mean": 0.12395850569009781,
  "label_hd95_mean": 91.61885833740234,
  "label_dice_classwise": {
    "NCR": 0.0031936715822666883,
    "ED": 0.3188416659832001,
    "ET": 0.04984012991189957
  },
  "label_hd95_classwise": {
    "NCR": 111.15694427490234,
    "ED": 74.88713073730469,
    "ET": 88.81251525878906
  },
  "ece": 0.35704377145464183,
  "seed": 42,
  "split_seed": null,
  "val_ratio": 0.2
}