{
  "n_validation_cases": 7,
  "dice_mean": 0.05245136097073555,
  "hd95_mean": 94.15850067138672,
  "dice_classwise": {
    "ET": 0.015840891748666763,
    "TC": 0.11654765158891678,
    "WT": 0.024965530261397362
  },
  "hd95_classwise": {
    "ET": 104.72766876220703,
    "TC": 78.64104461669922,
    "WT": 99.10678100585938
  },
  "ece": 0.5455334724832164,
  "seed": 42,
  "split_seed": null,
  "val_ratio": 0.2
}