{
  "n_validation_cases": 7,
  "dice_mean": 0.000919449026696384,
  "hd95_mean": 175.05221557617188,
  "dice_classwise": {
    "ET": 0.0,
    "TC": 0.0,
    "WT": 0.00275834696367383
  },
  "hd95_classwise": {
    "ET": 200.74105834960938,
    "TC": 65.66065216064453,
    "WT": 186.20260620117188
  },
  "ece": 0.3149957899590453,
  "seed": 42,
  "split_seed": null,
  "val_ratio": 0.2
}