{
  "n_validation_cases": 1,
  "dice_mean": 0.01457896362990141,
  "hd95_mean": 135.29420471191406,
  "ece": 0.17586688314986962
}