{
  "n_validation_cases": 13,
  "dice_mean": 0.33891069889068604,
  "hd95_mean": 82.45320129394531,
  "dice_classwise": {
    "ET": 0.25420552492141724,
    "TC": 0.24991223216056824,
    "WT": 0.512614369392395
  },
  "hd95_classwise": {
    "ET": 85.03604125976562,
    "TC": 85.02970123291016,
    "WT": 77.29385375976562
  },
  "label_dice_mean": 0.24227631092071533,
  "label_hd95_mean": 83.78645324707031,
  "label_dice_classwise": {
    "NCR": 0.05310460180044174,
    "ED": 0.41951876878738403,
    "ET": 0.25420552492141724
  },
  "label_hd95_classwise": {
    "NCR": 90.7130126953125,
    "ED": 75.61031341552734,
    "ET": 85.03604125976562
  },
  "ece": 0.20688406348812616,
  "seed": 43,
  "split_seed": null,
  "val_ratio": 0.2
}