{
  "n_validation_cases": 13,
  "dice_mean": 0.2662448585033417,
  "hd95_mean": 84.33089447021484,
  "dice_classwise": {
    "ET": 0.1851957142353058,
    "TC": 0.20263805985450745,
    "WT": 0.4109008312225342
  },
  "hd95_classwise": {
    "ET": 87.11262512207031,
    "TC": 87.08619689941406,
    "WT": 78.79386138916016
  },
  "label_dice_mean": 0.20792658627033234,
  "label_hd95_mean": 84.85257720947266,
  "label_dice_classwise": {
    "NCR": 0.025323698297142982,
    "ED": 0.4132603108882904,
    "ET": 0.1851957142353058
  },
  "label_hd95_classwise": {
    "NCR": 91.4891586303711,
    "ED": 75.95594024658203,
    "ET": 87.11262512207031
  },
  "ece": 0.22383068201983358,
  "seed": 43,
  "split_seed": null,
  "val_ratio": 0.2
}