{
  "n_validation_cases": 7,
  "dice_mean": 0.0077830031514167786,
  "hd95_mean": 145.49305725097656,
  "dice_classwise": {
    "ET": 0.003960665315389633,
    "TC": 0.014782016165554523,
    "WT": 0.004606325179338455
  },
  "hd95_classwise": {
    "ET": 155.49652099609375,
    "TC": 131.3490447998047,
    "WT": 149.6336212158203
  },
  "ece": 0.04809059660198121,
  "seed": 43,
  "split_seed": null,
  "val_ratio": 0.2
}