{
  "n_validation_cases": 7,
  "dice_mean": 0.04207758232951164,
  "hd95_mean": 120.57794189453125,
  "dice_classwise": {
    "ET": 0.0018006983445957303,
    "TC": 0.10390660911798477,
    "WT": 0.020525434985756874
  },
  "hd95_classwise": {
    "ET": 162.3306427001953,
    "TC": 77.60186004638672,
    "WT": 121.80130004882812
  },
  "ece": 0.3915019731283062,
  "seed": 44,
  "split_seed": null,
  "val_ratio": 0.2
}