{
  "n_validation_cases": 7,
  "dice_mean": 0.042925309389829636,
  "hd95_mean": 115.75579833984375,
  "dice_classwise": {
    "ET": 0.0007979546790011227,
    "TC": 0.09858205169439316,
    "WT": 0.029395902529358864
  },
  "hd95_classwise": {
    "ET": 162.83787536621094,
    "TC": 79.04792022705078,
    "WT": 105.38158416748047
  },
  "ece": 0.4310994046658735,
  "seed": 44,
  "split_seed": null,
  "val_ratio": 0.2
}