{
  "n_validation_cases": 7,
  "dice_mean": 0.008345977403223515,
  "hd95_mean": 142.0656280517578,
  "dice_classwise": {
    "ET": 0.008572015911340714,
    "TC": 0.011201892979443073,
    "WT": 0.005264023784548044
  },
  "hd95_classwise": {
    "ET": 144.9776153564453,
    "TC": 130.71116638183594,
    "WT": 150.5081329345703
  },
  "ece": 0.07383930653925837,
  "seed": 42,
  "split_seed": null,
  "val_ratio": 0.2
}