{
  "n_validation_cases": 7,
  "dice_mean": 0.007444877177476883,
  "hd95_mean": 146.5214080810547,
  "dice_classwise": {
    "ET": 0.004205519333481789,
    "TC": 0.015221036970615387,
    "WT": 0.0029080768581479788
  },
  "hd95_classwise": {
    "ET": 155.16453552246094,
    "TC": 131.26417541503906,
    "WT": 153.13551330566406
  },
  "ece": 0.04137320176249853,
  "seed": 43,
  "split_seed": null,
  "val_ratio": 0.2
}