{
  "n_validation_cases": 7,
  "dice_mean": 0.01116174180060625,
  "hd95_mean": 148.0449981689453,
  "dice_classwise": {
    "ET": 0.004646912682801485,
    "TC": 0.015508439391851425,
    "WT": 0.013329875655472279
  },
  "hd95_classwise": {
    "ET": 158.189697265625,
    "TC": 135.07554626464844,
    "WT": 150.8697052001953
  },
  "ece": 0.18002216175997246,
  "seed": 43,
  "split_seed": null,
  "val_ratio": 0.2
}