{
  "n_validation_cases": 7,
  "dice_mean": 0.03167639300227165,
  "hd95_mean": 129.8958740234375,
  "dice_classwise": {
    "ET": 0.0125582879409194,
    "TC": 0.06944427639245987,
    "WT": 0.013026613742113113
  },
  "hd95_classwise": {
    "ET": 139.45945739746094,
    "TC": 109.0758285522461,
    "WT": 141.15235900878906
  },
  "ece": 0.47275120741962984,
  "seed": 42,
  "split_seed": null,
  "val_ratio": 0.2
}