{
  "n_validation_cases": 7,
  "dice_mean": 0.014441564679145813,
  "hd95_mean": 139.1956024169922,
  "dice_classwise": {
    "ET": 0.004846898838877678,
    "TC": 0.014455963857471943,
    "WT": 0.024021832272410393
  },
  "hd95_classwise": {
    "ET": 154.22276306152344,
    "TC": 135.9889678955078,
    "WT": 127.3751220703125
  },
  "ece": 0.21803988993414447,
  "seed": 43,
  "split_seed": null,
  "val_ratio": 0.2
}