{
  "n_validation_cases": 7,
  "dice_mean": 0.035709451884031296,
  "hd95_mean": 109.212158203125,
  "dice_classwise": {
    "ET": 0.01627517305314541,
    "TC": 0.0718609020113945,
    "WT": 0.018992289900779724
  },
  "hd95_classwise": {
    "ET": 109.80463409423828,
    "TC": 96.37188720703125,
    "WT": 121.4599838256836
  },
  "ece": 0.5117585225394163,
  "seed": 42,
  "split_seed": null,
  "val_ratio": 0.2
}