{
  "n_validation_cases": 13,
  "dice_mean": 0.29540443420410156,
  "hd95_mean": 78.70162200927734,
  "dice_classwise": {
    "ET": 0.11989834159612656,
    "TC": 0.5150575637817383,
    "WT": 0.25125735998153687
  },
  "hd95_classwise": {
    "ET": 84.95633697509766,
    "TC": 67.94086456298828,
    "WT": 83.2076644897461
  },
  "ece": 0.22801134125962255,
  "seed": 44,
  "split_seed": null,
  "val_ratio": 0.2
}