{
  "n_validation_cases": 7,
  "dice_mean": 0.014447066001594067,
  "hd95_mean": 140.25071716308594,
  "dice_classwise": {
    "ET": 0.005199748557060957,
    "TC": 0.01463588047772646,
    "WT": 0.02350556291639805
  },
  "hd95_classwise": {
    "ET": 152.2992706298828,
    "TC": 135.80357360839844,
    "WT": 132.64927673339844
  },
  "ece": 0.22238267073945642,
  "seed": 43,
  "split_seed": null,
  "val_ratio": 0.2
}