{
  "n_validation_cases": 7,
  "dice_mean": 0.046879395842552185,
  "hd95_mean": 119.03357696533203,
  "dice_classwise": {
    "ET": 0.001396235660649836,
    "TC": 0.11356063932180405,
    "WT": 0.02568131498992443
  },
  "hd95_classwise": {
    "ET": 162.4984588623047,
    "TC": 79.06877899169922,
    "WT": 115.53353118896484
  },
  "ece": 0.4141596238001733,
  "seed": 44,
  "split_seed": null,
  "val_ratio": 0.2
}