{
  "n_validation_cases": 13,
  "dice_mean": 0.24227456748485565,
  "hd95_mean": 83.78387451171875,
  "dice_classwise": {
    "ET": 0.05312151834368706,
    "TC": 0.4194989800453186,
    "WT": 0.25420325994491577
  },
  "hd95_classwise": {
    "ET": 90.70454406738281,
    "TC": 75.611328125,
    "WT": 85.03577423095703
  },
  "ece": 0.20688341799299018,
  "seed": 43,
  "split_seed": null,
  "val_ratio": 0.2
}