{
  "n_validation_cases": 7,
  "dice_mean": 0.03703772649168968,
  "hd95_mean": 111.52864837646484,
  "dice_classwise": {
    "ET": 0.014423608779907227,
    "TC": 0.07890444993972778,
    "WT": 0.017785122618079185
  },
  "hd95_classwise": {
    "ET": 125.0477066040039,
    "TC": 87.60578155517578,
    "WT": 121.93242645263672
  },
  "ece": 0.5117321395405664,
  "seed": 42,
  "split_seed": null,
  "val_ratio": 0.2
}