{
  "n_validation_cases": 7,
  "dice_mean": 0.04051299765706062,
  "hd95_mean": 119.2035903930664,
  "dice_classwise": {
    "ET": 0.0014427094720304012,
    "TC": 0.09585791081190109,
    "WT": 0.02423836477100849
  },
  "hd95_classwise": {
    "ET": 162.98895263671875,
    "TC": 80.35861206054688,
    "WT": 114.26323699951172
  },
  "ece": 0.399803892605559,
  "seed": 44,
  "split_seed": null,
  "val_ratio": 0.2
}