{
  "n_validation_cases": 7,
  "dice_mean": 0.008523172698915005,
  "hd95_mean": 142.10569763183594,
  "dice_classwise": {
    "ET": 0.00884939357638359,
    "TC": 0.01202063262462616,
    "WT": 0.004699490964412689
  },
  "hd95_classwise": {
    "ET": 144.5729217529297,
    "TC": 130.91929626464844,
    "WT": 150.8248748779297
  },
  "ece": 0.06202515512098099,
  "seed": 42,
  "split_seed": null,
  "val_ratio": 0.2
}