{
  "n_validation_cases": 13,
  "dice_mean": 0.18380805850028992,
  "hd95_mean": 84.33599090576172,
  "dice_classwise": {
    "ET": 0.014026962220668793,
    "TC": 0.44983726739883423,
    "WT": 0.08755995333194733
  },
  "hd95_classwise": {
    "ET": 92.9888916015625,
    "TC": 74.27362823486328,
    "WT": 85.74547576904297
  },
  "ece": 0.293102686966952,
  "seed": 42,
  "split_seed": null,
  "val_ratio": 0.2
}