{
  "n_validation_cases": 7,
  "dice_mean": 0.014057431370019913,
  "hd95_mean": 143.13868713378906,
  "dice_classwise": {
    "ET": 0.004469954874366522,
    "TC": 0.015038945712149143,
    "WT": 0.02266339212656021
  },
  "hd95_classwise": {
    "ET": 156.55697631835938,
    "TC": 135.70777893066406,
    "WT": 137.15130615234375
  },
  "ece": 0.21155116778237992,
  "seed": 43,
  "split_seed": null,
  "val_ratio": 0.2
}