{
  "n_validation_cases": 7,
  "dice_mean": 0.040539562702178955,
  "hd95_mean": 121.10193634033203,
  "dice_classwise": {
    "ET": 0.0022300316486507654,
    "TC": 0.09481525421142578,
    "WT": 0.024573398754000664
  },
  "hd95_classwise": {
    "ET": 162.75096130371094,
    "TC": 83.06681823730469,
    "WT": 117.4880599975586
  },
  "ece": 0.39902288645031847,
  "seed": 44,
  "split_seed": null,
  "val_ratio": 0.2
}