{
  "n_validation_cases": 13,
  "dice_mean": 0.2061324566602707,
  "hd95_mean": 82.63140869140625,
  "dice_classwise": {
    "ET": 0.08755995333194733,
    "TC": 0.09422682970762253,
    "WT": 0.43661054968833923
  },
  "hd95_classwise": {
    "ET": 85.74547576904297,
    "TC": 85.81005096435547,
    "WT": 76.33868408203125
  },
  "label_dice_mean": 0.18380805850028992,
  "label_hd95_mean": 84.33599090576172,
  "label_dice_classwise": {
    "NCR": 0.014026962220668793,
    "ED": 0.44983726739883423,
    "ET": 0.08755995333194733
  },
  "label_hd95_classwise": {
    "NCR": 92.9888916015625,
    "ED": 74.27362823486328,
    "ET": 85.74547576904297
  },
  "ece": 0.293102686966952,
  "seed": 42,
  "split_seed": null,
  "val_ratio": 0.2
}