{
  "n_validation_cases": 7,
  "dice_mean": 0.012940820306539536,
  "hd95_mean": 145.28453063964844,
  "dice_classwise": {
    "ET": 0.0027507191989570856,
    "TC": 0.01497591007500887,
    "WT": 0.02109583280980587
  },
  "hd95_classwise": {
    "ET": 158.28956604003906,
    "TC": 135.4295654296875,
    "WT": 142.13450622558594
  },
  "ece": 0.18955144295554097,
  "seed": 43,
  "split_seed": null,
  "val_ratio": 0.2
}