{
  "n_validation_cases": 13,
  "dice_mean": 0.3956716060638428,
  "hd95_mean": 80.23921966552734,
  "dice_classwise": {
    "ET": 0.26419058442115784,
    "TC": 0.31192952394485474,
    "WT": 0.6108946800231934
  },
  "hd95_classwise": {
    "ET": 83.45609283447266,
    "TC": 83.41096496582031,
    "WT": 73.85059356689453
  },
  "label_dice_mean": 0.30240297317504883,
  "label_hd95_mean": 75.57161712646484,
  "label_dice_classwise": {
    "NCR": 0.08319589495658875,
    "ED": 0.5598223805427551,
    "ET": 0.26419058442115784
  },
  "label_hd95_classwise": {
    "NCR": 79.92945861816406,
    "ED": 63.32928466796875,
    "ET": 83.45609283447266
  },
  "ece": 0.2702332568103381,
  "seed": 44,
  "split_seed": null,
  "val_ratio": 0.2
}