{
  "n_validation_cases": 7,
  "dice_mean": 0.03680109605193138,
  "hd95_mean": 109.81136322021484,
  "dice_classwise": {
    "ET": 0.01320767030119896,
    "TC": 0.07929716259241104,
    "WT": 0.017898453399538994
  },
  "hd95_classwise": {
    "ET": 127.83627319335938,
    "TC": 80.67053985595703,
    "WT": 120.9272232055664
  },
  "ece": 0.5134334781987524,
  "seed": 42,
  "split_seed": null,
  "val_ratio": 0.2
}