{
  "n_validation_cases": 7,
  "dice_mean": 0.013287204317748547,
  "hd95_mean": 141.42372131347656,
  "dice_classwise": {
    "ET": 0.003460041945800185,
    "TC": 0.011500398628413677,
    "WT": 0.024901174008846283
  },
  "hd95_classwise": {
    "ET": 157.43836975097656,
    "TC": 136.48947143554688,
    "WT": 130.3433837890625
  },
  "ece": 0.20021501203188216,
  "seed": 43,
  "split_seed": null,
  "val_ratio": 0.2
}