{
  "n_validation_cases": 13,
  "dice_mean": 0.13708950579166412,
  "hd95_mean": 86.96266174316406,
  "dice_classwise": {
    "ET": 0.022538889199495316,
    "TC": 0.3102286458015442,
    "WT": 0.07850094139575958
  },
  "hd95_classwise": {
    "ET": 95.00001525878906,
    "TC": 76.59283447265625,
    "WT": 89.29512786865234
  },
  "ece": 0.2827650486163541,
  "seed": 42,
  "split_seed": null,
  "val_ratio": 0.2
}