{
  "n_validation_cases": 7,
  "dice_mean": 0.03346867114305496,
  "hd95_mean": 121.3414535522461,
  "dice_classwise": {
    "ET": 0.014696255326271057,
    "TC": 0.07066698372364044,
    "WT": 0.015042785555124283
  },
  "hd95_classwise": {
    "ET": 122.05504608154297,
    "TC": 103.00350952148438,
    "WT": 138.9658203125
  },
  "ece": 0.49410163090666737,
  "seed": 42,
  "split_seed": null,
  "val_ratio": 0.2
}