{
  "n_validation_cases": 7,
  "dice_mean": 0.029356220737099648,
  "hd95_mean": 130.41639709472656,
  "dice_classwise": {
    "ET": 0.015871891751885414,
    "TC": 0.058079320937395096,
    "WT": 0.01411745697259903
  },
  "hd95_classwise": {
    "ET": 130.7462158203125,
    "TC": 120.31307983398438,
    "WT": 140.18983459472656
  },
  "ece": 0.467923014041738,
  "seed": 42,
  "split_seed": null,
  "val_ratio": 0.2
}