{
  "n_validation_cases": 7,
  "dice_mean": 0.0333142913877964,
  "hd95_mean": 117.30414581298828,
  "dice_classwise": {
    "ET": 0.016205044463276863,
    "TC": 0.0685834214091301,
    "WT": 0.015154403634369373
  },
  "hd95_classwise": {
    "ET": 116.56719207763672,
    "TC": 106.61820220947266,
    "WT": 128.72706604003906
  },
  "ece": 0.49894721528336966,
  "seed": 42,
  "split_seed": null,
  "val_ratio": 0.2
}