{
  "n_validation_cases": 7,
  "dice_mean": 0.015716159716248512,
  "hd95_mean": 137.56886291503906,
  "dice_classwise": {
    "ET": 0.005849100649356842,
    "TC": 0.01414391677826643,
    "WT": 0.02715545892715454
  },
  "hd95_classwise": {
    "ET": 152.6465606689453,
    "TC": 136.23851013183594,
    "WT": 123.821533203125
  },
  "ece": 0.23473996199193223,
  "seed": 43,
  "split_seed": null,
  "val_ratio": 0.2
}