{
  "n_validation_cases": 13,
  "dice_mean": 0.3680272698402405,
  "hd95_mean": 80.38444519042969,
  "dice_classwise": {
    "ET": 0.25125735998153687,
    "TC": 0.310427188873291,
    "WT": 0.5423972606658936
  },
  "hd95_classwise": {
    "ET": 83.2076644897461,
    "TC": 83.36412048339844,
    "WT": 74.58154296875
  },
  "label_dice_mean": 0.29540443420410156,
  "label_hd95_mean": 78.70162200927734,
  "label_dice_classwise": {
    "NCR": 0.11989834159612656,
    "ED": 0.5150575637817383,
    "ET": 0.25125735998153687
  },
  "label_hd95_classwise": {
    "NCR": 84.95633697509766,
    "ED": 67.94086456298828,
    "ET": 83.2076644897461
  },
  "ece": 0.22801134125962255,
  "seed": 44,
  "split_seed": null,
  "val_ratio": 0.2
}