{
  "n_validation_cases": 13,
  "dice_mean": 0.33890441060066223,
  "hd95_mean": 82.4533920288086,
  "dice_classwise": {
    "ET": 0.25420325994491577,
    "TC": 0.24990344047546387,
    "WT": 0.5126065015792847
  },
  "hd95_classwise": {
    "ET": 85.03577423095703,
    "TC": 85.03084564208984,
    "WT": 77.29357147216797
  },
  "label_dice_mean": 0.24227456748485565,
  "label_hd95_mean": 83.78387451171875,
  "label_dice_classwise": {
    "NCR": 0.05312151834368706,
    "ED": 0.4194989800453186,
    "ET": 0.25420325994491577
  },
  "label_hd95_classwise": {
    "NCR": 90.70454406738281,
    "ED": 75.611328125,
    "ET": 85.03577423095703
  },
  "ece": 0.2068824775536795,
  "seed": 43,
  "split_seed": null,
  "val_ratio": 0.2
}