{
  "n_validation_cases": 13,
  "dice_mean": 0.15080085396766663,
  "hd95_mean": 86.27730560302734,
  "dice_classwise": {
    "ET": 0.07850094139575958,
    "TC": 0.08793230354785919,
    "WT": 0.2859693169593811
  },
  "hd95_classwise": {
    "ET": 89.29512786865234,
    "TC": 89.22388458251953,
    "WT": 80.31288146972656
  },
  "label_dice_mean": 0.13708950579166412,
  "label_hd95_mean": 86.96266174316406,
  "label_dice_classwise": {
    "NCR": 0.022538889199495316,
    "ED": 0.3102286458015442,
    "ET": 0.07850094139575958
  },
  "label_hd95_classwise": {
    "NCR": 95.00001525878906,
    "ED": 76.59283447265625,
    "ET": 89.29512786865234
  },
  "ece": 0.2827650486163541,
  "seed": 42,
  "split_seed": null,
  "val_ratio": 0.2
}