{
  "n_validation_cases": 13,
  "dice_mean": 0.10883267223834991,
  "hd95_mean": 94.96543884277344,
  "dice_classwise": {
    "ET": 0.047196030616760254,
    "TC": 0.06243633106350899,
    "WT": 0.2168656587600708
  },
  "hd95_classwise": {
    "ET": 99.08761596679688,
    "TC": 97.80738830566406,
    "WT": 88.0013198852539
  },
  "label_dice_mean": 0.12562932074069977,
  "label_hd95_mean": 91.14598846435547,
  "label_dice_classwise": {
    "NCR": 0.03761646896600723,
    "ED": 0.2920754551887512,
    "ET": 0.047196030616760254
  },
  "label_hd95_classwise": {
    "NCR": 94.28172302246094,
    "ED": 80.06863403320312,
    "ET": 99.08761596679688
  },
  "ece": 0.4054693763010291,
  "seed": 44,
  "split_seed": null,
  "val_ratio": 0.2
}