{
  "n_validation_cases": 7,
  "dice_mean": 0.028974881395697594,
  "hd95_mean": 114.91861724853516,
  "dice_classwise": {
    "ET": 0.0011281096376478672,
    "TC": 0.05578382685780525,
    "WT": 0.0300127025693655
  },
  "hd95_classwise": {
    "ET": 163.2926483154297,
    "TC": 81.41949462890625,
    "WT": 100.043701171875
  },
  "ece": 0.4168013704595475,
  "seed": 44,
  "split_seed": null,
  "val_ratio": 0.2
}