{
  "n_validation_cases": 7,
  "dice_mean": 0.03959929570555687,
  "hd95_mean": 119.09078216552734,
  "dice_classwise": {
    "ET": 0.0013770690420642495,
    "TC": 0.08989498764276505,
    "WT": 0.027525825425982475
  },
  "hd95_classwise": {
    "ET": 162.258544921875,
    "TC": 82.27169036865234,
    "WT": 112.74210357666016
  },
  "ece": 0.42534561583201935,
  "seed": 44,
  "split_seed": null,
  "val_ratio": 0.2
}