{
  "n_validation_cases": 7,
  "dice_mean": 0.03580206260085106,
  "hd95_mean": 109.724609375,
  "dice_classwise": {
    "ET": 0.01488446444272995,
    "TC": 0.07669305801391602,
    "WT": 0.01582867093384266
  },
  "hd95_classwise": {
    "ET": 112.99967193603516,
    "TC": 87.3897933959961,
    "WT": 128.7843475341797
  },
  "ece": 0.5060463441085585,
  "seed": 42,
  "split_seed": null,
  "val_ratio": 0.2
}