{
  "n_validation_cases": 7,
  "dice_mean": 0.018617765977978706,
  "hd95_mean": 137.1226348876953,
  "dice_classwise": {
    "ET": 0.0009823216823861003,
    "TC": 0.04600876569747925,
    "WT": 0.008862209506332874
  },
  "hd95_classwise": {
    "ET": 158.8473663330078,
    "TC": 106.88790893554688,
    "WT": 145.6326141357422
  },
  "ece": 0.21283794653309754,
  "seed": 44,
  "split_seed": null,
  "val_ratio": 0.2
}