{
  "n_validation_cases": 7,
  "dice_mean": 0.03948109969496727,
  "hd95_mean": 119.22225189208984,
  "dice_classwise": {
    "ET": 0.0019428570521995425,
    "TC": 0.08987865597009659,
    "WT": 0.026621783152222633
  },
  "hd95_classwise": {
    "ET": 162.96160888671875,
    "TC": 82.44464111328125,
    "WT": 112.26045989990234
  },
  "ece": 0.4021105649693685,
  "seed": 44,
  "split_seed": null,
  "val_ratio": 0.2
}