{
  "n_validation_cases": 13,
  "dice_mean": 0.20792658627033234,
  "hd95_mean": 84.85257720947266,
  "dice_classwise": {
    "ET": 0.025323698297142982,
    "TC": 0.4132603108882904,
    "WT": 0.1851957142353058
  },
  "hd95_classwise": {
    "ET": 91.4891586303711,
    "TC": 75.95594024658203,
    "WT": 87.11262512207031
  },
  "ece": 0.22383068201983358,
  "seed": 43,
  "split_seed": null,
  "val_ratio": 0.2
}