{
  "n_validation_cases": 7,
  "dice_mean": 0.01955610141158104,
  "hd95_mean": 129.9067840576172,
  "dice_classwise": {
    "ET": 0.009181487374007702,
    "TC": 0.018355200067162514,
    "WT": 0.031131615862250328
  },
  "hd95_classwise": {
    "ET": 147.98927307128906,
    "TC": 138.92147827148438,
    "WT": 102.80958557128906
  },
  "ece": 0.36302019871247404,
  "seed": 43,
  "split_seed": null,
  "val_ratio": 0.2
}