{
  "n_validation_cases": 7,
  "dice_mean": 0.012266102246940136,
  "hd95_mean": 146.4300537109375,
  "dice_classwise": {
    "ET": 0.0035571318585425615,
    "TC": 0.01560412347316742,
    "WT": 0.01763705350458622
  },
  "hd95_classwise": {
    "ET": 158.08050537109375,
    "TC": 135.4687042236328,
    "WT": 145.74093627929688
  },
  "ece": 0.19436676748353973,
  "seed": 43,
  "split_seed": null,
  "val_ratio": 0.2
}