{
  "n_validation_cases": 7,
  "dice_mean": 0.04683426395058632,
  "hd95_mean": 98.9532699584961,
  "dice_classwise": {
    "ET": 0.012456894852221012,
    "TC": 0.10756584256887436,
    "WT": 0.020480049774050713
  },
  "hd95_classwise": {
    "ET": 107.9386978149414,
    "TC": 76.81251525878906,
    "WT": 112.10859680175781
  },
  "ece": 0.49815546577840786,
  "seed": 42,
  "split_seed": null,
  "val_ratio": 0.2
}