{
  "n_validation_cases": 7,
  "dice_mean": 0.018448231741786003,
  "hd95_mean": 139.19528198242188,
  "dice_classwise": {
    "ET": 0.0008483434212394059,
    "TC": 0.045317474752664566,
    "WT": 0.00917887408286333
  },
  "hd95_classwise": {
    "ET": 159.31224060058594,
    "TC": 111.60066986083984,
    "WT": 146.6729278564453
  },
  "ece": 0.21219627059425655,
  "seed": 44,
  "split_seed": null,
  "val_ratio": 0.2
}