{
  "n_validation_cases": 13,
  "dice_mean": 0.059145163744688034,
  "hd95_mean": 99.0076675415039,
  "dice_classwise": {
    "ET": 0.01613055355846882,
    "TC": 0.13630010187625885,
    "WT": 0.02500481903553009
  },
  "hd95_classwise": {
    "ET": 101.82048797607422,
    "TC": 78.10177612304688,
    "WT": 117.10071563720703
  },
  "ece": 0.5082208546869843,
  "seed": 42,
  "split_seed": null,
  "val_ratio": 0.2
}