{
  "n_validation_cases": 13,
  "dice_mean": 0.05739373341202736,
  "hd95_mean": 95.9041976928711,
  "dice_classwise": {
    "ET": 0.013648021034896374,
    "TC": 0.13378022611141205,
    "WT": 0.02475295215845108
  },
  "hd95_classwise": {
    "ET": 97.08702850341797,
    "TC": 76.5126953125,
    "WT": 114.11286163330078
  },
  "ece": 0.5031800541837339,
  "seed": 42,
  "split_seed": null,
  "val_ratio": 0.2
}